<keymap version="1" name="Default for XWin copy" parent="Default for XWin">
  <action id="AutoIndentLines" />
  <action id="CodeInspection.OnEditor" />
  <action id="Generate">
    <keyboard-shortcut first-keystroke="shift alt i" />
    <keyboard-shortcut first-keystroke="ctrl alt i" />
  </action>
  <action id="NewScratchFile">
    <keyboard-shortcut first-keystroke="shift ctrl alt i" />
  </action>
  <action id="RunInspection" />
  <action id="Scala.ShowImplicits">
    <keyboard-shortcut first-keystroke="shift ctrl alt equals" />
    <keyboard-shortcut first-keystroke="shift ctrl alt add" />
  </action>
  <action id="SetShortcutAction">
    <keyboard-shortcut first-keystroke="alt enter" />
  </action>
  <action id="VimPluginToggle">
    <keyboard-shortcut first-keystroke="alt v" second-keystroke="alt v" />
  </action>
</keymap>