<application>
  <component name="libraryTable">
    <library name="scala-sdk-2.12.10" type="Scala">
      <properties>
        <compiler-classpath>
          <root url="file://$USER_HOME$/.sbt/boot/scala-2.12.10/org.scala-sbt/sbt/1.3.2/scala-reflect-2.12.10.jar" />
          <root url="file://$USER_HOME$/.sbt/boot/scala-2.12.10/lib/scala-library.jar" />
          <root url="file://$USER_HOME$/.sbt/boot/scala-2.12.10/lib/scala-compiler.jar" />
          <root url="file://$USER_HOME$/.sbt/boot/scala-2.12.10/lib/scala-reflect.jar" />
        </compiler-classpath>
      </properties>
      <CLASSES>
        <root url="jar://$USER_HOME$/.sbt/boot/scala-2.12.10/org.scala-sbt/sbt/1.3.2/scala-reflect-2.12.10.jar!/" />
        <root url="jar://$USER_HOME$/.sbt/boot/scala-2.12.10/org.scala-sbt/sbt/1.3.2/scala-parser-combinators_2.12-1.1.2.jar!/" />
        <root url="jar://$USER_HOME$/.sbt/boot/scala-2.12.10/org.scala-sbt/sbt/1.3.2/scala-xml_2.12-1.2.0.jar!/" />
        <root url="jar://$USER_HOME$/.sbt/boot/scala-2.12.10/lib/scala-library.jar!/" />
        <root url="jar://$USER_HOME$/.sbt/boot/scala-2.12.10/lib/scala-reflect.jar!/" />
        <root url="jar://$USER_HOME$/.sbt/boot/scala-2.12.10/lib/scala-xml_2.12.jar!/" />
      </CLASSES>
      <JAVADOC>
        <root url="http://www.scala-lang.org/api/2.12.10/" />
      </JAVADOC>
      <SOURCES />
    </library>
  </component>
</application>