<application>
  <component name="ProjectManager">
    <defaultProject>
      <component name="DefaultGradleProjectSettings">
        <option name="testRunner" value="GRADLE" />
        <option name="delegatedBuild" value="true" />
      </component>
      <component name="GradleLocalSettings">
        <option name="projectSyncType">
          <map>
            <entry key="$USER_HOME$/Downloads/reactive-web" value="PREVIEW" />
          </map>
        </option>
      </component>
      <component name="SbtLocalSettings">
        <option name="projectSyncType">
          <map>
            <entry key="$USER_HOME$/Dropbox/shared/coursera/scala/1/1-practice/example/example" value="PREVIEW" />
            <entry key="$USER_HOME$/Dropbox/shared/coursera/scala/1/1-practice/recfun/recfun" value="PREVIEW" />
            <entry key="$USER_HOME$/Dropbox/shared/coursera/scala/2/funsets/funsets" value="PREVIEW" />
            <entry key="$USER_HOME$/Dropbox/shared/coursera/scala/3/objsets/objsets" value="PREVIEW" />
            <entry key="$USER_HOME$/src/experements/akka-quickstart-scala" value="PREVIEW" />
          </map>
        </option>
      </component>
      <component name="ScalaSbtSettings">
        <option name="customVMEnabled" value="true" />
        <option name="customVMPath" value="/Library/Java/JavaVirtualMachines/adoptopenjdk-8.jdk/Contents/Home" />
      </component>
      <component name="masterDetails">
        <states>
          <state key="ProjectJDKs.UI">
            <settings>
              <last-edited>1.8</last-edited>
              <splitter-proportions>
                <option name="proportions">
                  <list>
                    <option value="0.2" />
                  </list>
                </option>
              </splitter-proportions>
            </settings>
          </state>
        </states>
      </component>
    </defaultProject>
  </component>
</application>